subset,imputation,fold,train_people,validation_people,test_people,accuracy,precision,recall,f1,best_epoch,elapsed_seconds,result_path
1st,with_imputation,1,"4,5,6,7,8,9,10,11,12,13,14,15,16,17,18,19","0,1,2,3","0,1,2,3",0.7529411764705882,0.8000947642738687,0.75,0.7449142068545052,36,186.93591016798746,experiments/ksl_alves_same_groups/runs/1st/with_imputation/fold=01__test=0-1-2-3__val=0-1-2-3/result.json
1st,with_imputation,2,"0,1,2,3,8,9,10,11,12,13,14,15,16,17,18,19","4,5,6,7","4,5,6,7",0.7205882352941176,0.7395877754086708,0.7400497512437811,0.7142027955460789,41,156.01800681091845,experiments/ksl_alves_same_groups/runs/1st/with_imputation/fold=02__test=4-5-6-7__val=4-5-6-7/result.json
1st,with_imputation,3,"0,1,2,3,4,5,6,7,12,13,14,15,16,17,18,19","8,9,10,11","8,9,10,11",0.68359375,0.7307531606039069,0.6803482587064676,0.6714568184717438,36,187.0828688610345,experiments/ksl_alves_same_groups/runs/1st/with_imputation/fold=03__test=8-9-10-11__val=8-9-10-11/result.json
1st,with_imputation,4,"0,1,2,3,4,5,6,7,8,9,10,11,16,17,18,19","12,13,14,15","12,13,14,15",0.73828125,0.7814854299928926,0.7450248756218905,0.737754409769335,44,165.43764686200302,experiments/ksl_alves_same_groups/runs/1st/with_imputation/fold=04__test=12-13-14-15__val=12-13-14-15/result.json
1st,with_imputation,5,"0,1,2,3,4,5,6,7,8,9,10,11,12,13,14,15","16,17,18,19","16,17,18,19",0.5077519379844961,0.627585557063169,0.5074626865671642,0.5113203502441523,16,60.41349003999494,experiments/ksl_alves_same_groups/runs/1st/with_imputation/fold=05__test=16-17-18-19__val=16-17-18-19/result.json
1st,without_imputation,1,"4,5,6,7,8,9,10,11,12,13,14,15,16,17,18,19","0,1,2,3","0,1,2,3",0.596078431372549,0.6074508410329306,0.5870646766169153,0.5727119895030343,43,187.79147346201353,experiments/ksl_alves_same_groups/runs/1st/without_imputation/fold=01__test=0-1-2-3__val=0-1-2-3/result.json
1st,without_imputation,2,"0,1,2,3,8,9,10,11,12,13,14,15,16,17,18,19","4,5,6,7","4,5,6,7",0.5980392156862745,0.6308457711442786,0.6206467661691543,0.599940772328832,33,126.27259198098909,experiments/ksl_alves_same_groups/runs/1st/without_imputation/fold=02__test=4-5-6-7__val=4-5-6-7/result.json
1st,without_imputation,3,"0,1,2,3,4,5,6,7,12,13,14,15,16,17,18,19","8,9,10,11","8,9,10,11",0.57421875,0.6113200232603218,0.5696517412935324,0.5523997975490513,47,188.5526438470697,experiments/ksl_alves_same_groups/runs/1st/without_imputation/fold=03__test=8-9-10-11__val=8-9-10-11/result.json
1st,without_imputation,4,"0,1,2,3,4,5,6,7,8,9,10,11,16,17,18,19","12,13,14,15","12,13,14,15",0.50390625,0.5601990049751243,0.503731343283582,0.49993199172303654,33,142.54226464603562,experiments/ksl_alves_same_groups/runs/1st/without_imputation/fold=04__test=12-13-14-15__val=12-13-14-15/result.json
1st,without_imputation,5,"0,1,2,3,4,5,6,7,8,9,10,11,12,13,14,15","16,17,18,19","16,17,18,19",0.35658914728682173,0.4616793215564067,0.35447761194029853,0.3557030229549984,21,77.14049664197955,experiments/ksl_alves_same_groups/runs/1st/without_imputation/fold=05__test=16-17-18-19__val=16-17-18-19/result.json
2nd,with_imputation,1,"4,5,6,7,8,9,10,11,12,13,14,15,16,17,18,19","0,1,2,3","0,1,2,3",0.8,0.8357142857142856,0.7935323383084577,0.7878787878787877,44,178.643060355098,experiments/ksl_alves_same_groups/runs/2nd/with_imputation/fold=01__test=0-1-2-3__val=0-1-2-3/result.json
2nd,with_imputation,2,"0,1,2,3,8,9,10,11,12,13,14,15,16,17,18,19","4,5,6,7","4,5,6,7",0.803921568627451,0.8378820184790333,0.8121890547263683,0.8041383989145182,41,181.7333604269661,experiments/ksl_alves_same_groups/runs/2nd/with_imputation/fold=02__test=4-5-6-7__val=4-5-6-7/result.json
2nd,with_imputation,3,"0,1,2,3,4,5,6,7,12,13,14,15,16,17,18,19","8,9,10,11","8,9,10,11",0.7421875,0.8084754797441364,0.7388059701492538,0.7460758975684348,44,176.9194264879916,experiments/ksl_alves_same_groups/runs/2nd/with_imputation/fold=03__test=8-9-10-11__val=8-9-10-11/result.json
2nd,with_imputation,4,"0,1,2,3,4,5,6,7,8,9,10,11,16,17,18,19","12,13,14,15","12,13,14,15",0.7734375,0.8069651741293532,0.7761194029850746,0.7644827809006914,49,173.85064199694898,experiments/ksl_alves_same_groups/runs/2nd/with_imputation/fold=04__test=12-13-14-15__val=12-13-14-15/result.json
2nd,with_imputation,5,"0,1,2,3,4,5,6,7,8,9,10,11,12,13,14,15","16,17,18,19","16,17,18,19",0.6201550387596899,0.7074153044302298,0.6218905472636815,0.618497422975035,18,68.52260644803755,experiments/ksl_alves_same_groups/runs/2nd/with_imputation/fold=05__test=16-17-18-19__val=16-17-18-19/result.json
2nd,without_imputation,1,"4,5,6,7,8,9,10,11,12,13,14,15,16,17,18,19","0,1,2,3","0,1,2,3",0.6980392156862745,0.7468372423596303,0.6952736318407959,0.679258469556977,44,156.8811909930082,experiments/ksl_alves_same_groups/runs/2nd/without_imputation/fold=01__test=0-1-2-3__val=0-1-2-3/result.json
2nd,without_imputation,2,"0,1,2,3,8,9,10,11,12,13,14,15,16,17,18,19","4,5,6,7","4,5,6,7",0.7058823529411765,0.7457711442786069,0.7300995024875622,0.7059227671167969,31,147.05959380592685,experiments/ksl_alves_same_groups/runs/2nd/without_imputation/fold=02__test=4-5-6-7__val=4-5-6-7/result.json
2nd,without_imputation,3,"0,1,2,3,4,5,6,7,12,13,14,15,16,17,18,19","8,9,10,11","8,9,10,11",0.6328125,0.6825062996704788,0.6368159203980099,0.6157114858607395,46,177.60736200702377,experiments/ksl_alves_same_groups/runs/2nd/without_imputation/fold=03__test=8-9-10-11__val=8-9-10-11/result.json
2nd,without_imputation,4,"0,1,2,3,4,5,6,7,8,9,10,11,16,17,18,19","12,13,14,15","12,13,14,15",0.65234375,0.7141080312722103,0.6504975124378108,0.6443367577695936,46,177.9204881399637,experiments/ksl_alves_same_groups/runs/2nd/without_imputation/fold=04__test=12-13-14-15__val=12-13-14-15/result.json
2nd,without_imputation,5,"0,1,2,3,4,5,6,7,8,9,10,11,12,13,14,15","16,17,18,19","16,17,18,19",0.5038759689922481,0.5793731558656933,0.5062189054726369,0.4969940507253939,20,75.70548795198556,experiments/ksl_alves_same_groups/runs/2nd/without_imputation/fold=05__test=16-17-18-19__val=16-17-18-19/result.json
all,with_imputation,1,"4,5,6,7,8,9,10,11,12,13,14,15,16,17,18,19","0,1,2,3","0,1,2,3",0.4666666666666667,0.4439113954039327,0.4577114427860696,0.4177070856175334,29,403.35207619401626,experiments/ksl_alves_same_groups/runs/all/with_imputation/fold=01__test=0-1-2-3__val=0-1-2-3/result.json
all,with_imputation,2,"0,1,2,3,8,9,10,11,12,13,14,15,16,17,18,19","4,5,6,7","4,5,6,7",0.47549019607843135,0.5534352049277422,0.47885572139303473,0.4642469470827679,31,389.7038506079698,experiments/ksl_alves_same_groups/runs/all/with_imputation/fold=02__test=4-5-6-7__val=4-5-6-7/result.json
all,with_imputation,3,"0,1,2,3,4,5,6,7,12,13,14,15,16,17,18,19","8,9,10,11","8,9,10,11",0.4296875,0.42741002778316206,0.43407960199004975,0.4012644072345564,30,360.7668734450126,experiments/ksl_alves_same_groups/runs/all/with_imputation/fold=03__test=8-9-10-11__val=8-9-10-11/result.json
all,with_imputation,4,"0,1,2,3,4,5,6,7,8,9,10,11,16,17,18,19","12,13,14,15","12,13,14,15",0.48828125,0.5385765975318213,0.4912935323383085,0.47445125355573115,41,406.13812833698466,experiments/ksl_alves_same_groups/runs/all/with_imputation/fold=04__test=12-13-14-15__val=12-13-14-15/result.json
all,with_imputation,5,"0,1,2,3,4,5,6,7,8,9,10,11,12,13,14,15","16,17,18,19","16,17,18,19",0.37209302325581395,0.4064264301204599,0.3756218905472637,0.3594818068479175,25,224.59973182191607,experiments/ksl_alves_same_groups/runs/all/with_imputation/fold=05__test=16-17-18-19__val=16-17-18-19/result.json
all,without_imputation,1,"4,5,6,7,8,9,10,11,12,13,14,15,16,17,18,19","0,1,2,3","0,1,2,3",0.37254901960784315,0.43334829611341785,0.37562189054726364,0.35702740910398284,39,428.74580758891534,experiments/ksl_alves_same_groups/runs/all/without_imputation/fold=01__test=0-1-2-3__val=0-1-2-3/result.json
all,without_imputation,2,"0,1,2,3,8,9,10,11,12,13,14,15,16,17,18,19","4,5,6,7","4,5,6,7",0.35294117647058826,0.3756751954513148,0.3656716417910448,0.32976376856973866,33,459.51665521401446,experiments/ksl_alves_same_groups/runs/all/without_imputation/fold=02__test=4-5-6-7__val=4-5-6-7/result.json
all,without_imputation,3,"0,1,2,3,4,5,6,7,12,13,14,15,16,17,18,19","8,9,10,11","8,9,10,11",0.3203125,0.28320733992375785,0.3271144278606965,0.2735273847214146,36,380.399180138018,experiments/ksl_alves_same_groups/runs/all/without_imputation/fold=03__test=8-9-10-11__val=8-9-10-11/result.json
all,without_imputation,4,"0,1,2,3,4,5,6,7,8,9,10,11,16,17,18,19","12,13,14,15","12,13,14,15",0.34375,0.4098917251902326,0.34577114427860695,0.3430316902880556,42,385.56705788196996,experiments/ksl_alves_same_groups/runs/all/without_imputation/fold=04__test=12-13-14-15__val=12-13-14-15/result.json
all,without_imputation,5,"0,1,2,3,4,5,6,7,8,9,10,11,12,13,14,15","16,17,18,19","16,17,18,19",0.2868217054263566,0.393957866345926,0.2835820895522388,0.2990477720504059,31,320.65898643794935,experiments/ksl_alves_same_groups/runs/all/without_imputation/fold=05__test=16-17-18-19__val=16-17-18-19/result.json
arcanjo,with_imputation,1,"4,5,6,7,8,9,10,11,12,13,14,15,16,17,18,19","0,1,2,3","0,1,2,3",0.8431372549019608,0.8839019189765459,0.8383084577114429,0.8342379014020804,42,175.0062277460238,experiments/ksl_alves_same_groups/runs/arcanjo/with_imputation/fold=01__test=0-1-2-3__val=0-1-2-3/result.json
arcanjo,with_imputation,2,"0,1,2,3,8,9,10,11,12,13,14,15,16,17,18,19","4,5,6,7","4,5,6,7",0.803921568627451,0.8508706467661691,0.8146766169154229,0.8064590467575542,39,176.34450418897904,experiments/ksl_alves_same_groups/runs/arcanjo/with_imputation/fold=02__test=4-5-6-7__val=4-5-6-7/result.json
arcanjo,with_imputation,3,"0,1,2,3,4,5,6,7,12,13,14,15,16,17,18,19","8,9,10,11","8,9,10,11",0.72265625,0.7956823027718549,0.7176616915422885,0.7224785165083673,32,175.03719251195434,experiments/ksl_alves_same_groups/runs/arcanjo/with_imputation/fold=03__test=8-9-10-11__val=8-9-10-11/result.json
arcanjo,with_imputation,4,"0,1,2,3,4,5,6,7,8,9,10,11,16,17,18,19","12,13,14,15","12,13,14,15",0.79296875,0.8154228855721392,0.7898009950248757,0.7778488509831792,40,159.27354551607277,experiments/ksl_alves_same_groups/runs/arcanjo/with_imputation/fold=04__test=12-13-14-15__val=12-13-14-15/result.json
arcanjo,with_imputation,5,"0,1,2,3,4,5,6,7,8,9,10,11,12,13,14,15","16,17,18,19","16,17,18,19",0.6976744186046512,0.7611616824303392,0.6965174129353234,0.6858941175885863,22,77.89712514099665,experiments/ksl_alves_same_groups/runs/arcanjo/with_imputation/fold=05__test=16-17-18-19__val=16-17-18-19/result.json
arcanjo,without_imputation,1,"4,5,6,7,8,9,10,11,12,13,14,15,16,17,18,19","0,1,2,3","0,1,2,3",0.7490196078431373,0.7854655294953802,0.7512437810945273,0.737144364756305,42,162.57861387403682,experiments/ksl_alves_same_groups/runs/arcanjo/without_imputation/fold=01__test=0-1-2-3__val=0-1-2-3/result.json
arcanjo,without_imputation,2,"0,1,2,3,8,9,10,11,12,13,14,15,16,17,18,19","4,5,6,7","4,5,6,7",0.7303921568627451,0.7522388059701491,0.7350746268656716,0.7142027955460791,42,175.68440939299762,experiments/ksl_alves_same_groups/runs/arcanjo/without_imputation/fold=02__test=4-5-6-7__val=4-5-6-7/result.json
arcanjo,without_imputation,3,"0,1,2,3,4,5,6,7,12,13,14,15,16,17,18,19","8,9,10,11","8,9,10,11",0.68359375,0.757000710732054,0.6853233830845772,0.6810255250553758,35,176.984665647964,experiments/ksl_alves_same_groups/runs/arcanjo/without_imputation/fold=03__test=8-9-10-11__val=8-9-10-11/result.json
arcanjo,without_imputation,4,"0,1,2,3,4,5,6,7,8,9,10,11,16,17,18,19","12,13,14,15","12,13,14,15",0.70703125,0.753766879886283,0.7077114427860696,0.6979236352370681,37,137.50165169301908,experiments/ksl_alves_same_groups/runs/arcanjo/without_imputation/fold=04__test=12-13-14-15__val=12-13-14-15/result.json
arcanjo,without_imputation,5,"0,1,2,3,4,5,6,7,8,9,10,11,12,13,14,15","16,17,18,19","16,17,18,19",0.5465116279069767,0.6604805642119075,0.5472636815920398,0.5540723738265441,26,99.55036346893758,experiments/ksl_alves_same_groups/runs/arcanjo/without_imputation/fold=05__test=16-17-18-19__val=16-17-18-19/result.json
laines,with_imputation,1,"4,5,6,7,8,9,10,11,12,13,14,15,16,17,18,19","0,1,2,3","0,1,2,3",0.7529411764705882,0.7997690120824449,0.7487562189054727,0.7366220015473747,41,144.81853154697455,experiments/ksl_alves_same_groups/runs/laines/with_imputation/fold=01__test=0-1-2-3__val=0-1-2-3/result.json
laines,with_imputation,2,"0,1,2,3,8,9,10,11,12,13,14,15,16,17,18,19","4,5,6,7","4,5,6,7",0.7696078431372549,0.7767827529021558,0.7773631840796019,0.7480618883603958,40,177.3512088089483,experiments/ksl_alves_same_groups/runs/laines/with_imputation/fold=02__test=4-5-6-7__val=4-5-6-7/result.json
laines,with_imputation,3,"0,1,2,3,4,5,6,7,12,13,14,15,16,17,18,19","8,9,10,11","8,9,10,11",0.7265625,0.8026474769012082,0.7238805970149254,0.7312828962082693,49,175.44879358203616,experiments/ksl_alves_same_groups/runs/laines/with_imputation/fold=03__test=8-9-10-11__val=8-9-10-11/result.json
laines,with_imputation,4,"0,1,2,3,4,5,6,7,8,9,10,11,16,17,18,19","12,13,14,15","12,13,14,15",0.70703125,0.7309168443496801,0.7039800995024875,0.6945747453210139,39,155.24742333590984,experiments/ksl_alves_same_groups/runs/laines/with_imputation/fold=04__test=12-13-14-15__val=12-13-14-15/result.json
laines,with_imputation,5,"0,1,2,3,4,5,6,7,8,9,10,11,12,13,14,15","16,17,18,19","16,17,18,19",0.562015503875969,0.6447131226981974,0.5646766169154228,0.551526997049385,22,92.29649919294752,experiments/ksl_alves_same_groups/runs/laines/with_imputation/fold=05__test=16-17-18-19__val=16-17-18-19/result.json
laines,without_imputation,1,"4,5,6,7,8,9,10,11,12,13,14,15,16,17,18,19","0,1,2,3","0,1,2,3",0.5686274509803921,0.5903221985311538,0.5671641791044776,0.5431018401167654,39,174.95552664401475,experiments/ksl_alves_same_groups/runs/laines/without_imputation/fold=01__test=0-1-2-3__val=0-1-2-3/result.json
laines,without_imputation,2,"0,1,2,3,8,9,10,11,12,13,14,15,16,17,18,19","4,5,6,7","4,5,6,7",0.6176470588235294,0.5870291400142146,0.6194029850746269,0.5798184402662013,27,166.89909587497823,experiments/ksl_alves_same_groups/runs/laines/without_imputation/fold=02__test=4-5-6-7__val=4-5-6-7/result.json
laines,without_imputation,3,"0,1,2,3,4,5,6,7,12,13,14,15,16,17,18,19","8,9,10,11","8,9,10,11",0.56640625,0.6036780383795309,0.5659203980099502,0.5400593602086139,36,144.16315200994723,experiments/ksl_alves_same_groups/runs/laines/without_imputation/fold=03__test=8-9-10-11__val=8-9-10-11/result.json
laines,without_imputation,4,"0,1,2,3,4,5,6,7,8,9,10,11,16,17,18,19","12,13,14,15","12,13,14,15",0.49609375,0.533866382373845,0.49004975124378114,0.4734099234099234,47,175.4856200979557,experiments/ksl_alves_same_groups/runs/laines/without_imputation/fold=04__test=12-13-14-15__val=12-13-14-15/result.json
laines,without_imputation,5,"0,1,2,3,4,5,6,7,8,9,10,11,12,13,14,15","16,17,18,19","16,17,18,19",0.4496124031007752,0.5267956753031379,0.45149253731343286,0.45241781435811285,31,122.64189351291861,experiments/ksl_alves_same_groups/runs/laines/without_imputation/fold=05__test=16-17-18-19__val=16-17-18-19/result.json
