subset,imputation,runs,accuracy_mean,accuracy_std,precision_mean,precision_std,recall_mean,recall_std,f1_mean,f1_std,best_epoch_mean,elapsed_seconds_sum
1st,with_imputation,5,0.6806312699498405,0.1000560362611599,0.7359013374685016,0.06702817946733368,0.6845771144278607,0.10295472670353811,0.6759297161771631,0.09638753999209206,34.6,755.8879227419384
1st,without_imputation,5,0.525766358869129,0.1019970353209735,0.5742989923938124,0.0680976135528937,0.5271144278606965,0.10547747689072946,0.5161375148117905,0.09687679735403884,35.4,722.2994705780875
2nd,with_imputation,5,0.7479403214774282,0.07559164918686591,0.7992904524994077,0.05338612530691369,0.7485074626865671,0.07578087830250525,0.7442146576474935,0.07368258811319144,39.2,779.6690957150422
2nd,without_imputation,5,0.6385907575239398,0.08129096706103618,0.6937191746893239,0.06918703402898324,0.6437810945273632,0.08532193259866845,0.6284447062059002,0.08105377150066513,37.4,735.1741228979081
all,with_imputation,5,0.4464437272001824,0.046935704096116124,0.4739519311534236,0.06730938671834427,0.44751243781094524,0.045694357502504016,0.42343030006770127,0.04712384784319418,31.2,1784.5606604058994
all,without_imputation,5,0.33527488030095765,0.032957814380790124,0.37921608460492984,0.05770361411616733,0.33955223880597013,0.036432384367852746,0.3204796049467195,0.033890886243651885,36.2,1974.887687260867
arcanjo,with_imputation,5,0.7720716484268125,0.06016281264518784,0.8214078873034097,0.04769902865034266,0.7713930348258706,0.061610492819203416,0.7653836866479535,0.060710200200204664,35.0,763.5585951040266
arcanjo,without_imputation,5,0.6833096785225719,0.08032909634770664,0.7417904980591548,0.04744145113354444,0.6853233830845771,0.08121328635907156,0.6768737388842745,0.07170515591500791,36.4,752.2997040769551
laines,with_imputation,5,0.7036316546967625,0.08272968250051381,0.7509658417867373,0.06597510202814749,0.7037313432835821,0.08244870926019293,0.6924137056972877,0.08126444855000985,38.2,745.1624564668164
laines,without_imputation,5,0.5396773825809393,0.06641355807537667,0.5683382869203764,0.035339917852644426,0.5388059701492537,0.06714920599637725,0.5177614756719234,0.05297936117396885,36.0,784.1452881398145
