sign,n_samples
Always,66
Analyze,56
Arrive,50
Battle,62
Bicycle,58
Bodybuilding,55
Build,55
Calumny,52
Close,60
Cock,55
Day 1,51
Day 2,52
Day 3,49
Day before yesterday,54
Defend,54
Effort,55
Exchange,56
Fat,50
Hen,54
Idea,57
Interact,52
Learn,55
Loss,51
Love,54
Nobody,54
Not,56
Nothing,59
Open,51
Physical education,54
Physiotherapy,61
Record,55
Run fast,50
Run slow,52
Safe,60
Screw up,54
Slip,59
Stamp,56
Strong,56
Strong rain,54
Strong wind,52
Takes a little care,52
Takes great care,52
Talk,58
Television,58
Thin,54
Weak,54
Weak rain,50
Weak wind,51
Week,52
Week 1,48
Win,51
Work,58
Year 1,51
Year 2,52
Year 3,53
Yesterday,50
