dataset,protocol,subset,subset_landmarks,imputation,imputation_label,accuracy_mean,accuracy_std,accuracy_count,precision_mean,precision_std,precision_count,recall_mean,recall_std,recall_count,f1_mean,f1_std,f1_count,elapsed_seconds_mean,elapsed_seconds_std,elapsed_seconds_sum,source_file
include50,fixed_split,1st,118,False,without_imputation,0.7785714285714286,,1,0.7932380952380953,,1,0.7716666666666666,,1,0.7575238095238095,,1,92.14293551445007,,92.14293551445007,reports/include50/include50_nested_lopo_summary_outer.csv
include50,fixed_split,1st,118,True,with_imputation,0.9357142857142856,,1,0.932,,1,0.93,,1,0.9189047619047618,,1,92.82125210762024,,92.82125210762024,reports/include50/include50_nested_lopo_summary_outer.csv
include50,fixed_split,2nd,80,False,without_imputation,0.7785714285714286,,1,0.7585,,1,0.7533333333333333,,1,0.7298138528138527,,1,89.87959694862366,,89.87959694862366,reports/include50/include50_nested_lopo_summary_outer.csv
include50,fixed_split,2nd,80,True,with_imputation,0.9071428571428573,,1,0.9083333333333332,,1,0.9033333333333332,,1,0.8962539682539682,,1,88.1508321762085,,88.1508321762085,reports/include50/include50_nested_lopo_summary_outer.csv
include50,fixed_split,all,543,False,without_imputation,0.5428571428571428,,1,0.4956926406926406,,1,0.53,,1,0.4838412698412698,,1,124.44876766204834,,124.44876766204834,reports/include50/include50_nested_lopo_summary_outer.csv
include50,fixed_split,all,543,True,with_imputation,0.7428571428571429,,1,0.6957380952380952,,1,0.7183333333333334,,1,0.6843217893217893,,1,124.619731426239,,124.619731426239,reports/include50/include50_nested_lopo_summary_outer.csv
include50,fixed_split,arcanjo,75,False,without_imputation,0.7928571428571428,,1,0.7952619047619046,,1,0.7666666666666666,,1,0.7509783549783549,,1,87.7274522781372,,87.7274522781372,reports/include50/include50_nested_lopo_summary_outer.csv
include50,fixed_split,arcanjo,75,True,with_imputation,0.8928571428571429,,1,0.9023333333333332,,1,0.885,,1,0.8818412698412699,,1,90.03963208198547,,90.03963208198547,reports/include50/include50_nested_lopo_summary_outer.csv
include50,fixed_split,laines,67,False,without_imputation,0.6571428571428571,,1,0.6384603174603174,,1,0.6299999999999999,,1,0.6052326562326562,,1,88.53038430213928,,88.53038430213928,reports/include50/include50_nested_lopo_summary_outer.csv
include50,fixed_split,laines,67,True,with_imputation,0.95,,1,0.9583333333333336,,1,0.9466666666666668,,1,0.9447619047619048,,1,89.32889318466187,,89.32889318466187,reports/include50/include50_nested_lopo_summary_outer.csv
include50,fixed_split,1st,118,False,without_imputation,0.65625,,1,0.699095238095238,,1,0.6697777777777777,,1,0.6199072039072039,,1,73.69293070799904,,73.69293070799904,reports/include50_official_30/include50_official_fixed_split_summary.csv
include50,fixed_split,1st,118,True,with_imputation,0.890625,,1,0.9191205053449952,,1,0.9061467444120505,,1,0.8966389619450843,,1,72.79848766798386,,72.79848766798386,reports/include50_official_30/include50_official_fixed_split_summary.csv
include50,fixed_split,2nd,80,False,without_imputation,0.84375,,1,0.8371428571428572,,1,0.8505714285714286,,1,0.8076505716505715,,1,69.93594607501291,,69.93594607501291,reports/include50_official_30/include50_official_fixed_split_summary.csv
include50,fixed_split,2nd,80,True,with_imputation,0.8645833333333334,,1,0.8936831875607386,,1,0.8948736637512149,,1,0.8599530854632896,,1,69.43271674105199,,69.43271674105199,reports/include50_official_30/include50_official_fixed_split_summary.csv
include50,fixed_split,all,543,False,without_imputation,0.6302083333333334,,1,0.6526984126984127,,1,0.6607142857142857,,1,0.6050804195804196,,1,95.08122723799896,,95.08122723799896,reports/include50_official_30/include50_official_fixed_split_summary.csv
include50,fixed_split,all,543,True,with_imputation,0.7864583333333334,,1,0.8074829931972788,,1,0.8157029478458049,,1,0.7788436620069272,,1,106.0219201479922,,106.0219201479922,reports/include50_official_30/include50_official_fixed_split_summary.csv
include50,fixed_split,arcanjo,75,False,without_imputation,0.859375,,1,0.8359603174603175,,1,0.8504444444444446,,1,0.8245516346398699,,1,69.36134374397807,,69.36134374397807,reports/include50_official_30/include50_official_fixed_split_summary.csv
include50,fixed_split,arcanjo,75,True,with_imputation,0.9166666666666666,,1,0.9200714285714284,,1,0.9123571428571428,,1,0.9025601098248156,,1,69.29693159303861,,69.29693159303861,reports/include50_official_30/include50_official_fixed_split_summary.csv
include50,fixed_split,laines,68,False,without_imputation,0.65625,,1,0.6679047619047619,,1,0.6625476190476189,,1,0.6185451215451215,,1,68.27072555100312,,68.27072555100312,reports/include50_official_30/include50_official_fixed_split_summary.csv
include50,fixed_split,laines,68,True,with_imputation,0.9010416666666666,,1,0.9143586005830904,,1,0.912050534499514,,1,0.8909153205071572,,1,68.56386317702709,,68.56386317702709,reports/include50_official_30/include50_official_fixed_split_summary.csv
include50,fixed_split,1st,118,False,without_imputation,0.734375,,1,0.7364761904761905,,1,0.7398809523809524,,1,0.6883831168831169,,1,103.3263333439827,,103.3263333439827,reports/include50_official_50/include50_include50_official_fixed_split_summary.csv
include50,fixed_split,1st,118,True,with_imputation,0.890625,,1,0.9191205053449952,,1,0.9061467444120505,,1,0.8966389619450843,,1,82.24293120601214,,82.24293120601214,reports/include50_official_50/include50_include50_official_fixed_split_summary.csv
include50,fixed_split,2nd,80,False,without_imputation,0.84375,,1,0.8371428571428572,,1,0.8505714285714286,,1,0.8076505716505715,,1,76.02783698798157,,76.02783698798157,reports/include50_official_50/include50_include50_official_fixed_split_summary.csv
include50,fixed_split,2nd,80,True,with_imputation,0.9322916666666666,,1,0.9394719792678976,,1,0.9461127308066084,,1,0.9275290669048172,,1,100.65783858398208,,100.65783858398208,reports/include50_official_50/include50_include50_official_fixed_split_summary.csv
include50,fixed_split,all,543,False,without_imputation,0.6302083333333334,,1,0.6526984126984127,,1,0.6607142857142857,,1,0.6050804195804196,,1,95.5532138699782,,95.5532138699782,reports/include50_official_50/include50_include50_official_fixed_split_summary.csv
include50,fixed_split,all,543,True,with_imputation,0.7864583333333334,,1,0.8074829931972788,,1,0.8157029478458049,,1,0.7788436620069272,,1,135.4834071380319,,135.4834071380319,reports/include50_official_50/include50_include50_official_fixed_split_summary.csv
include50,fixed_split,arcanjo,75,False,without_imputation,0.859375,,1,0.8359603174603175,,1,0.8504444444444446,,1,0.8245516346398699,,1,78.49678068800131,,78.49678068800131,reports/include50_official_50/include50_include50_official_fixed_split_summary.csv
include50,fixed_split,arcanjo,75,True,with_imputation,0.9322916666666666,,1,0.9484207968901848,,1,0.9398688046647232,,1,0.9333962522738032,,1,97.0898597560008,,97.0898597560008,reports/include50_official_50/include50_include50_official_fixed_split_summary.csv
include50,fixed_split,laines,68,False,without_imputation,0.6927083333333334,,1,0.7157900432900433,,1,0.691595238095238,,1,0.6544436674436674,,1,95.70011685596546,,95.70011685596546,reports/include50_official_50/include50_include50_official_fixed_split_summary.csv
include50,fixed_split,laines,68,True,with_imputation,0.9010416666666666,,1,0.9143586005830904,,1,0.912050534499514,,1,0.8909153205071572,,1,73.97976190899499,,73.97976190899499,reports/include50_official_50/include50_include50_official_fixed_split_summary.csv
ksl,nested_lopo,1st,118,False,without_imputation,0.6844812305874772,0.1608595271647261,20,0.5952351592774265,0.1722244264432874,20,0.6747822132035038,0.1654746210994697,20,0.6188993059048824,0.1718538108648796,20,339.41761287199824,2.446343950068117,6788.352257439965,reports/ksl/ksl_nested_lopo_summary.csv
ksl,nested_lopo,1st,118,True,with_imputation,0.7913525776705546,0.1420674943205568,20,0.7185583765579668,0.1634395725888958,20,0.7814146782302454,0.1458538826958379,20,0.7379497600505867,0.1593406231349136,20,340.45515536822774,2.3294199947750776,6809.1031073645545,reports/ksl/ksl_nested_lopo_summary.csv
ksl,nested_lopo,2nd,80,False,without_imputation,0.7309424094150653,0.1537399938009448,20,0.6473375434234405,0.1712624144291792,20,0.7214783547603327,0.156709778881327,20,0.6698934379085151,0.168583045461239,20,327.91961444114384,2.793584762242905,6558.392288822876,reports/ksl/ksl_nested_lopo_summary.csv
ksl,nested_lopo,2nd,80,True,with_imputation,0.8010711364809721,0.1390190430778069,20,0.7274346090992958,0.1620780120373838,20,0.7906294814049717,0.1424792093604316,20,0.7469260211305082,0.157937894058606,20,329.0374570099931,2.3367948805215275,6580.749140199862,reports/ksl/ksl_nested_lopo_summary.csv
ksl,nested_lopo,all,543,False,without_imputation,0.3477880892496957,0.0889003694300418,20,0.243605904224798,0.0768638635538133,20,0.3394090686411709,0.0913314171872278,20,0.2687065363962738,0.081587663837755,20,376.64097261115126,14.159434469951655,7532.819452223025,reports/ksl/ksl_nested_lopo_summary.csv
ksl,nested_lopo,all,543,True,with_imputation,0.4549464419261892,0.0892056630531047,20,0.3400552420494155,0.0868126415640803,20,0.4400674704081746,0.0992211298838844,20,0.3676904657298913,0.0909702047197229,20,395.9218991787727,102.1670718754306,7918.437983575453,reports/ksl/ksl_nested_lopo_summary.csv
ksl,nested_lopo,arcanjo,75,False,without_imputation,0.76055061341979,0.1419785812104302,20,0.6818517279487092,0.1608120924997274,20,0.7522450176485079,0.1451727380616257,20,0.7033530542667863,0.1577048527817892,20,327.5468192497047,2.530493402539927,6550.936384994094,reports/ksl/ksl_nested_lopo_summary.csv
ksl,nested_lopo,arcanjo,75,True,with_imputation,0.8100335803885035,0.1407275851731157,20,0.7376434230987439,0.166785280582791,20,0.7994611358448112,0.1440854102106751,20,0.7568509082951183,0.1616280553492614,20,328.34254964778296,3.0594631049513623,6566.850992955659,reports/ksl/ksl_nested_lopo_summary.csv
ksl,nested_lopo,laines,67,False,without_imputation,0.709445843607735,0.1593270053055722,20,0.6225947156661765,0.1739412261125459,20,0.7001900964488943,0.1620747635170933,20,0.6459783172377094,0.1723008050058356,20,326.98787788654624,2.2416567112996963,6539.757557730925,reports/ksl/ksl_nested_lopo_summary.csv
ksl,nested_lopo,laines,67,True,with_imputation,0.80255472655045,0.138315577347607,20,0.7310190238077696,0.1624003676399884,20,0.7931177921141648,0.1415789512551266,20,0.7501949231274275,0.1576941027005965,20,328.2634412200827,3.143206557495921,6565.268824401655,reports/ksl/ksl_nested_lopo_summary.csv
