dataset,protocol,subset,subset_landmarks,imputation,imputation_label,test_person,accuracy,precision,recall,f1,elapsed_seconds
ksl,nested_lopo,1st,118,False,without_imputation,0,0.7328548644338118,0.6359936759583263,0.7276297936156538,0.6638159736745755,339.24994290502445
ksl,nested_lopo,1st,118,False,without_imputation,1,0.8050043140638481,0.7334628656958808,0.7984885976619673,0.7542569774221085,339.7537667876796
ksl,nested_lopo,1st,118,False,without_imputation,10,0.8562450903377848,0.7989264205289343,0.8562450903377848,0.8172296412673474,337.01614008451764
ksl,nested_lopo,1st,118,False,without_imputation,11,0.8231907894736842,0.7505128141230115,0.8153274904919642,0.7711057820103872,339.335759313483
ksl,nested_lopo,1st,118,False,without_imputation,12,0.6241776315789473,0.5180098684210526,0.6241776315789473,0.5490288220551378,340.6043989909323
ksl,nested_lopo,1st,118,False,without_imputation,13,0.7473684210526317,0.6612413609782031,0.7450864924549135,0.6859260622418517,339.8523810537238
ksl,nested_lopo,1st,118,False,without_imputation,14,0.5458404074702886,0.43355861090899284,0.5430659141132401,0.4652245212365271,340.461525038669
ksl,nested_lopo,1st,118,False,without_imputation,15,0.6777327935222672,0.5809941520467836,0.6745307324254692,0.6097820308346623,337.7153597505469
ksl,nested_lopo,1st,118,False,without_imputation,16,0.5723684210526315,0.46729207744010376,0.5678923598331493,0.49454450520239995,339.6113935771741
ksl,nested_lopo,1st,118,False,without_imputation,17,0.731174089068826,0.6570397146712935,0.731174089068826,0.6789306599832915,337.2870882812299
ksl,nested_lopo,1st,118,False,without_imputation,18,0.3092105263157895,0.23300744245535093,0.30321815197109775,0.25012226242002894,339.7458542397148
ksl,nested_lopo,1st,118,False,without_imputation,19,0.7902834008097166,0.7049777123461334,0.7890074837443258,0.7317384370015949,331.86984620596235
ksl,nested_lopo,1st,118,False,without_imputation,2,0.7627264883520276,0.6761963409316522,0.756992958334493,0.7007250410531881,340.29019365812604
ksl,nested_lopo,1st,118,False,without_imputation,3,0.7879025923016496,0.7069258968316313,0.7879025923016496,0.7322859387274155,338.7073751750745
ksl,nested_lopo,1st,118,False,without_imputation,4,0.7800751879699248,0.6860558976239289,0.760310813485157,0.7098604404851784,343.45763192678754
ksl,nested_lopo,1st,118,False,without_imputation,5,0.6304347826086957,0.5365542382783972,0.6124791047925086,0.5601917557925031,343.69785774381535
ksl,nested_lopo,1st,118,False,without_imputation,6,0.5689900426742532,0.42640991279464413,0.48147133411576304,0.4429945627331181,340.9326311161644
ksl,nested_lopo,1st,118,False,without_imputation,7,0.8801619433198381,0.8265795607900871,0.878836952521163,0.8438187543450701,338.37554028159695
ksl,nested_lopo,1st,118,False,without_imputation,8,0.30242272347535504,0.19746489364024788,0.29529830549567393,0.22052741048981647,340.0202782906984
ksl,nested_lopo,1st,118,False,without_imputation,9,0.7614601018675721,0.6734997290838759,0.7465083757263299,0.6958765391214458,340.36729301904376
ksl,nested_lopo,1st,118,True,with_imputation,0,0.8875598086124402,0.8356681504756917,0.8834178390344926,0.8512493354598618,337.5367873091447
ksl,nested_lopo,1st,118,True,with_imputation,1,0.8679896462467646,0.8109269295219363,0.8600107266226558,0.8270117240336283,337.82978791939587
ksl,nested_lopo,1st,118,True,with_imputation,10,0.9112333071484681,0.8719560094265514,0.9112333071484681,0.8846556690233046,337.8336627734335
ksl,nested_lopo,1st,118,True,with_imputation,11,0.8791118421052632,0.8203376119494541,0.8729327689854005,0.8374602553878869,338.39726294969256
ksl,nested_lopo,1st,118,True,with_imputation,12,0.7976973684210527,0.7117960666891587,0.7893352809471231,0.73661271111929,340.9124240875244
ksl,nested_lopo,1st,118,True,with_imputation,13,0.8939271255060729,0.8459800433484643,0.8925285241074716,0.8607868155236575,341.4641707821896
ksl,nested_lopo,1st,118,True,with_imputation,14,0.6876061120543294,0.5784917041708213,0.6847899318187943,0.6103902228690004,338.86090769265826
ksl,nested_lopo,1st,118,True,with_imputation,15,0.7206477732793523,0.6358647200752463,0.7184026499815974,0.6617658365026786,340.88597533577365
ksl,nested_lopo,1st,118,True,with_imputation,16,0.7245065789473685,0.6349001560391363,0.7209767206477733,0.6605679663903349,341.03265370820696
ksl,nested_lopo,1st,118,True,with_imputation,17,0.8550607287449392,0.798413282623809,0.8544473070788862,0.8163362368625526,340.5925266491739
ksl,nested_lopo,1st,118,True,with_imputation,18,0.6118421052631579,0.5085175067987567,0.6094282910072384,0.5379822352355247,340.3805087616569
ksl,nested_lopo,1st,118,True,with_imputation,19,0.8736842105263158,0.8193739009528482,0.8730339835602993,0.8364695538379748,341.05903786107115
ksl,nested_lopo,1st,118,True,with_imputation,2,0.8826574633304572,0.8279471042315819,0.876738161285463,0.8435035308466241,343.0142808336961
ksl,nested_lopo,1st,118,True,with_imputation,3,0.8562450903377848,0.8064283843938204,0.8562450903377848,0.8223880597014925,339.62795853614807
ksl,nested_lopo,1st,118,True,with_imputation,4,0.8458646616541354,0.7662293653633299,0.8178843167471418,0.7831963784567799,342.9502707155127
ksl,nested_lopo,1st,118,True,with_imputation,5,0.7597254004576659,0.6676807312624321,0.7310743051298128,0.6865974682146095,342.1879040442015
ksl,nested_lopo,1st,118,True,with_imputation,6,0.6927453769559033,0.5669017927917979,0.6187157982378451,0.5836785148242144,346.5940316225353
ksl,nested_lopo,1st,118,True,with_imputation,7,0.9295546558704454,0.896497362286836,0.9281437860385229,0.9068682779209094,337.57717434983505
ksl,nested_lopo,1st,118,True,with_imputation,8,0.316624895572264,0.20848184649171492,0.3104761649169544,0.23363465242812048,342.342276422601
ksl,nested_lopo,1st,118,True,with_imputation,9,0.83276740237691,0.7587748622659488,0.8184786109711831,0.7778397563732877,338.02350501010295
ksl,nested_lopo,2nd,80,False,without_imputation,0,0.7982456140350876,0.7186277543700953,0.7964007712633008,0.7430939401874201,325.27458863509327
ksl,nested_lopo,2nd,80,False,without_imputation,1,0.8490077653149266,0.7808318242577477,0.8349153776385261,0.7984823389927902,328.5582909960496
ksl,nested_lopo,2nd,80,False,without_imputation,10,0.8758837391987432,0.818931657501964,0.8758837391987432,0.8377847604084838,326.3345656269475
ksl,nested_lopo,2nd,80,False,without_imputation,11,0.8396381578947368,0.7680855876579561,0.8303900595019016,0.7878347493150124,329.87101251200625
ksl,nested_lopo,2nd,80,False,without_imputation,12,0.6866776315789473,0.5747187781151597,0.6810905103668262,0.606889057579847,329.3284834686078
ksl,nested_lopo,2nd,80,False,without_imputation,13,0.8396761133603239,0.779500073549563,0.834168136132001,0.7965503057647598,325.3480185333051
ksl,nested_lopo,2nd,80,False,without_imputation,14,0.6281833616298812,0.5149566650415547,0.6244509122268035,0.5486985833760027,324.0008746448316
ksl,nested_lopo,2nd,80,False,without_imputation,15,0.7368421052631579,0.6533472375577639,0.7334192123665808,0.6789191510244141,327.1794769638463
ksl,nested_lopo,2nd,80,False,without_imputation,16,0.6447368421052632,0.5324298878205128,0.6427758097165992,0.565363709755157,327.54469792466415
ksl,nested_lopo,2nd,80,False,without_imputation,17,0.8040485829959515,0.7354251012145748,0.8027849343638817,0.7564949086001718,326.4440042847081
ksl,nested_lopo,2nd,80,False,without_imputation,18,0.41036184210526316,0.31620145616444956,0.40833755060728744,0.339115564625433,325.8871210499814
ksl,nested_lopo,2nd,80,False,without_imputation,19,0.7975708502024291,0.7237786774628879,0.7975708502024291,0.7472064777327935,330.0677206139815
ksl,nested_lopo,2nd,80,False,without_imputation,2,0.7929249352890423,0.711466629291367,0.7797768703443785,0.733162096144645,330.1103805617282
ksl,nested_lopo,2nd,80,False,without_imputation,3,0.8303220738413197,0.7647551715108667,0.8303220738413197,0.7854561777578274,324.5475040736951
ksl,nested_lopo,2nd,80,False,without_imputation,4,0.8007518796992482,0.7184022704797923,0.7780305083820628,0.7373894035461884,324.9420530545084
ksl,nested_lopo,2nd,80,False,without_imputation,5,0.6098398169336384,0.5083369184739965,0.5817317038797603,0.5311319204800248,333.19860854901765
ksl,nested_lopo,2nd,80,False,without_imputation,6,0.662873399715505,0.5466693902883922,0.5952754801207485,0.5615021308313245,332.8637215840189
ksl,nested_lopo,2nd,80,False,without_imputation,7,0.8939271255060729,0.8470985155195683,0.8939271255060729,0.8626180836707151,325.4807519410786
ksl,nested_lopo,2nd,80,False,without_imputation,8,0.30409356725146197,0.18735090708428234,0.29701301987486195,0.21379529040125844,330.41148435442074
ksl,nested_lopo,2nd,80,False,without_imputation,9,0.8132427843803056,0.7458363651063141,0.8113024496725686,0.7663801079760332,330.99892945038647
ksl,nested_lopo,2nd,80,True,with_imputation,0,0.8628389154704944,0.8003453625016861,0.8579828132066938,0.8187269394653526,328.3391945362091
ksl,nested_lopo,2nd,80,True,with_imputation,1,0.8593615185504745,0.7909012682419958,0.8492165103398369,0.8100661489790049,327.5766115690532
ksl,nested_lopo,2nd,80,True,with_imputation,10,0.9293008641005499,0.8955223880597015,0.9293008641005499,0.9066509557475778,326.82100382604096
ksl,nested_lopo,2nd,80,True,with_imputation,11,0.9021381578947368,0.8514081861121334,0.8906414857072753,0.8642610313662944,329.7990856296138
ksl,nested_lopo,2nd,80,True,with_imputation,12,0.8067434210526315,0.7236344658630843,0.7950366519445468,0.7464525058275058,328.78021505004483
ksl,nested_lopo,2nd,80,True,with_imputation,13,0.902834008097166,0.8577295707696336,0.900793053503187,0.8718591437365987,327.67030616810445
ksl,nested_lopo,2nd,80,True,with_imputation,14,0.733446519524618,0.6401375302054418,0.7321394885062118,0.668243188616703,331.3802166361558
ksl,nested_lopo,2nd,80,True,with_imputation,15,0.7441295546558704,0.6531744571218256,0.7394552815605447,0.6806465464360201,330.541359675558
ksl,nested_lopo,2nd,80,True,with_imputation,16,0.7516447368421053,0.6504833297185271,0.7475202429149798,0.6815833755060728,329.32511930716663
ksl,nested_lopo,2nd,80,True,with_imputation,17,0.8858299595141701,0.8364004416635996,0.8844313581155686,0.8518529423792581,325.13357966824583
ksl,nested_lopo,2nd,80,True,with_imputation,18,0.6595394736842105,0.5635705467777836,0.6540957397865292,0.5900615566816224,329.5031724729036
ksl,nested_lopo,2nd,80,True,with_imputation,19,0.848582995951417,0.7874637058847584,0.8479327689854006,0.8062982047192574,326.6370872949299
ksl,nested_lopo,2nd,80,True,with_imputation,2,0.8429680759275237,0.7765639794816789,0.8322086090645262,0.7940117119054846,330.51678401545473
ksl,nested_lopo,2nd,80,True,with_imputation,3,0.8766692851531815,0.8224666142969363,0.8766692851531815,0.8400104739460591,327.9576325416565
ksl,nested_lopo,2nd,80,True,with_imputation,4,0.8599624060150376,0.7861934528740361,0.8369878081188391,0.8029718339935065,329.1335716624009
ksl,nested_lopo,2nd,80,True,with_imputation,5,0.7048054919908466,0.5965659602814136,0.66868665485572,0.6178631119779979,333.65021588927823
ksl,nested_lopo,2nd,80,True,with_imputation,6,0.7268847795163584,0.6021239088492557,0.6614569604783183,0.6217566465167587,332.3688072530847
ksl,nested_lopo,2nd,80,True,with_imputation,7,0.9336032388663968,0.9023125996810207,0.932903938167096,0.9124197439986914,324.38412455508586
ksl,nested_lopo,2nd,80,True,with_imputation,8,0.316624895572264,0.19660470400034152,0.3117220133667502,0.22232620096185257,331.6824856557344
ksl,nested_lopo,2nd,80,True,with_imputation,9,0.8735144312393889,0.8150897096010636,0.8634081002236775,0.8304581598485461,329.5485667931406
ksl,nested_lopo,all,543,False,without_imputation,0,0.28708133971291866,0.19374698902389395,0.28481991954105074,0.21670338904524014,381.07049517882496
ksl,nested_lopo,all,543,False,without_imputation,1,0.3597929249352891,0.25223407563214084,0.3545521615713,0.2782776708688253,372.45382263785916
ksl,nested_lopo,all,543,False,without_imputation,10,0.41555380989787905,0.3060655369767703,0.41555380989787905,0.33506028753475725,380.9799965055365
ksl,nested_lopo,all,543,False,without_imputation,11,0.4004934210526316,0.28545792246861323,0.39925009201324996,0.3161209827574959,383.84517560507123
ksl,nested_lopo,all,543,False,without_imputation,12,0.3527960526315789,0.24996983918858917,0.348248681143418,0.27542995473094156,381.47851913853697
ksl,nested_lopo,all,543,False,without_imputation,13,0.39190283400809717,0.27685379602504506,0.38985016031363245,0.30597161326933514,384.03410287907246
ksl,nested_lopo,all,543,False,without_imputation,14,0.2775891341256367,0.18061184286721668,0.2748887507747864,0.2048310944276472,373.72201475344207
ksl,nested_lopo,all,543,False,without_imputation,15,0.4089068825910931,0.3017643912341477,0.40481343741359455,0.3294048637057278,337.64811776813707
ksl,nested_lopo,all,543,False,without_imputation,16,0.2080592105263158,0.11788748355053343,0.20473706870505773,0.13777705017587336,342.1311065523248
ksl,nested_lopo,all,543,False,without_imputation,17,0.3813765182186235,0.2809744413888169,0.3787226912914266,0.30571281021791624,385.58125180947155
ksl,nested_lopo,all,543,False,without_imputation,18,0.12911184210526316,0.0751315771217087,0.12683528094712307,0.08679802504114704,383.5349931089502
ksl,nested_lopo,all,543,False,without_imputation,19,0.4461538461538462,0.330283243857478,0.4425928876046708,0.3616488246849598,377.18724499250715
ksl,nested_lopo,all,543,False,without_imputation,2,0.37877480586712686,0.2518803914682592,0.3707166633855381,0.28436660167408906,381.31320238113403
ksl,nested_lopo,all,543,False,without_imputation,3,0.36684996072270226,0.2660937168792628,0.36684996072270226,0.291887736074696,366.0716077277535
ksl,nested_lopo,all,543,False,without_imputation,4,0.3909774436090226,0.27280156068654654,0.36809443939420383,0.29971711230345255,387.3364123545195
ksl,nested_lopo,all,543,False,without_imputation,5,0.30778032036613273,0.2070642926447653,0.27603158857479454,0.22556068982732755,389.81427475025777
ksl,nested_lopo,all,543,False,without_imputation,6,0.3072546230440968,0.2025781500942065,0.25396333377224295,0.2171678255499267,387.56965722535784
ksl,nested_lopo,all,543,False,without_imputation,7,0.5157894736842106,0.40284778690513173,0.5120051197820248,0.4330455003667886,370.38539754716976
ksl,nested_lopo,all,543,False,without_imputation,8,0.23308270676691725,0.13738826049681313,0.2251798092258619,0.15701115888702455,390.61667538944045
ksl,nested_lopo,all,543,False,without_imputation,9,0.39643463497453313,0.2804827859860224,0.3904755167488614,0.31163753678230394,376.04538391765794
ksl,nested_lopo,all,543,True,with_imputation,0,0.43939393939393934,0.3271818453868729,0.4332404960841725,0.3556857430777305,366.4643478004513
ksl,nested_lopo,all,543,True,with_imputation,1,0.48231233822260566,0.3628561435650632,0.4736802758482669,0.39300028763688866,384.5625711392158
ksl,nested_lopo,all,543,True,with_imputation,10,0.49018067556952083,0.3690457487001085,0.49018067556952083,0.40305427748475664,375.7520546238091
ksl,nested_lopo,all,543,True,with_imputation,11,0.49835526315789475,0.37787192659314367,0.4953464298859036,0.40988141609852136,383.4044452250329
ksl,nested_lopo,all,543,True,with_imputation,12,0.4786184210526316,0.38060674979260506,0.4728181358115569,0.4064119183371261,368.6641955677095
ksl,nested_lopo,all,543,True,with_imputation,13,0.5805668016194332,0.46716660532450005,0.5764691448901975,0.4986309012624802,377.577732358739
ksl,nested_lopo,all,543,True,with_imputation,14,0.4601018675721562,0.33550132465466415,0.4547534766921439,0.36737953881834245,359.5792922828573
ksl,nested_lopo,all,543,True,with_imputation,15,0.4704453441295547,0.3622789252875663,0.46250400555192384,0.39008728651698016,320.35719515986153
ksl,nested_lopo,all,543,True,with_imputation,16,0.2870065789473684,0.18402282895586888,0.28191665545112127,0.20812880159658528,325.123339759984
ksl,nested_lopo,all,543,True,with_imputation,17,0.48825910931174094,0.38232611806453126,0.48334770754252293,0.41043838111787834,386.31401027383674
ksl,nested_lopo,all,543,True,with_imputation,18,0.40207236842105265,0.2840257676294266,0.31487232723001224,0.29287183290510216,390.42772862221125
ksl,nested_lopo,all,543,True,with_imputation,19,0.47368421052631576,0.3517594733973367,0.46728704654863334,0.3846714893729819,821.8574290416865
ksl,nested_lopo,all,543,True,with_imputation,2,0.5280414150129422,0.39543693250296025,0.5137709612247068,0.43095151567366735,384.4185942037791
ksl,nested_lopo,all,543,True,with_imputation,3,0.4540455616653574,0.3360213344306039,0.4540455616653574,0.3675426694279797,366.37243844280755
ksl,nested_lopo,all,543,True,with_imputation,4,0.5075187969924811,0.38362031677261776,0.4914823692386648,0.41520820972667816,370.0840437055786
ksl,nested_lopo,all,543,True,with_imputation,5,0.3501144164759726,0.2474477592967575,0.3109192515139124,0.2654665897263011,388.64224116005596
ksl,nested_lopo,all,543,True,with_imputation,6,0.3598862019914652,0.23804268382114543,0.29373857795278413,0.25413544794828924,393.8014960650226
ksl,nested_lopo,all,543,True,with_imputation,7,0.6283400809716599,0.5162583323109639,0.6257637099742364,0.5480569138463874,382.59536284194667
ksl,nested_lopo,all,543,True,with_imputation,8,0.2556390977443609,0.14682894295206325,0.25144526526105476,0.17077568391125722,385.4921002044116
ksl,nested_lopo,all,543,True,with_imputation,9,0.46434634974533107,0.3528050815495107,0.4537673342267994,0.38143041011189205,386.9473650964562
ksl,nested_lopo,arcanjo,75,False,without_imputation,0,0.7854864433811802,0.7018496036563594,0.7831060010950035,0.7273167654550216,325.40873606581437
ksl,nested_lopo,arcanjo,75,False,without_imputation,1,0.8507333908541848,0.7884995407609452,0.8377772829747558,0.8047839720931096,328.5742070423929
ksl,nested_lopo,arcanjo,75,False,without_imputation,10,0.8900235663786331,0.8393558523173605,0.8900235663786331,0.855721393034826,328.2887873900564
ksl,nested_lopo,arcanjo,75,False,without_imputation,11,0.8305921052631579,0.7539905315809922,0.8199511562998405,0.7745523172003435,324.8866490690332
ksl,nested_lopo,arcanjo,75,False,without_imputation,12,0.765625,0.6788759942542837,0.7608219083548031,0.7042334146117041,328.9607351328197
ksl,nested_lopo,arcanjo,75,False,without_imputation,13,0.8502024291497975,0.7874216971821056,0.8455724689031837,0.80575592775907,329.0935724409003
ksl,nested_lopo,arcanjo,75,False,without_imputation,14,0.6926994906621392,0.5911265619245246,0.6898563613334412,0.6213984782745394,328.2112693535654
ksl,nested_lopo,arcanjo,75,False,without_imputation,15,0.7562753036437248,0.6752402568192042,0.7510121457489879,0.6989457326299431,327.54940918872234
ksl,nested_lopo,arcanjo,75,False,without_imputation,16,0.6743421052631579,0.5612170860937308,0.6718496963562753,0.5950769716394716,323.3016248376746
ksl,nested_lopo,arcanjo,75,False,without_imputation,17,0.8153846153846154,0.7536390217969164,0.8134584713532081,0.7721253015989857,326.0020282770458
ksl,nested_lopo,arcanjo,75,False,without_imputation,18,0.4934210526315789,0.3931467646023567,0.4914209146117041,0.41938217027855185,325.2089937862597
ksl,nested_lopo,arcanjo,75,False,without_imputation,19,0.848582995951417,0.7884615384615385,0.848582995951417,0.8080161943319838,322.5628063176808
ksl,nested_lopo,arcanjo,75,False,without_imputation,2,0.82053494391717,0.7462375642084234,0.8130481765845956,0.7672652310604939,329.7549039690118
ksl,nested_lopo,arcanjo,75,False,without_imputation,3,0.8507462686567164,0.7883477350091647,0.8507462686567164,0.8079078292746792,326.0164813744394
ksl,nested_lopo,arcanjo,75,False,without_imputation,4,0.8280075187969925,0.7542482973932828,0.8116869274912958,0.7728003954460474,326.32423176263507
ksl,nested_lopo,arcanjo,75,False,without_imputation,5,0.6773455377574371,0.5918274887612185,0.6610594478796435,0.6129990843977041,329.61509310571773
ksl,nested_lopo,arcanjo,75,False,without_imputation,6,0.6770981507823614,0.5514082761317588,0.6101567341648543,0.5704191527989181,331.4013028671754
ksl,nested_lopo,arcanjo,75,False,without_imputation,7,0.9182186234817815,0.8827260458839405,0.9182186234817815,0.8943319838056679,327.6271139195091
ksl,nested_lopo,arcanjo,75,False,without_imputation,8,0.329156223893066,0.21595569619829488,0.32215715570978726,0.2408421292084494,330.82424439881976
ksl,nested_lopo,arcanjo,75,False,without_imputation,9,0.8565365025466892,0.7934590059377835,0.8543940496402296,0.8131866404362159,331.3241946948202
ksl,nested_lopo,arcanjo,75,True,with_imputation,0,0.872408293460925,0.8120462281891975,0.8668975695684258,0.8298896268259977,326.4470193637045
ksl,nested_lopo,arcanjo,75,True,with_imputation,1,0.8843830888697152,0.8278479779565253,0.8746555707088981,0.8430701290508131,328.9245418623874
ksl,nested_lopo,arcanjo,75,True,with_imputation,10,0.917517674783975,0.8771929824561404,0.917517674783975,0.890547263681592,325.80054138836107
ksl,nested_lopo,arcanjo,75,True,with_imputation,11,0.899671052631579,0.8498360375005113,0.8924296098638205,0.8637175781090255,324.70731076441314
ksl,nested_lopo,arcanjo,75,True,with_imputation,12,0.828125,0.7499866452991453,0.8156307508281193,0.7714371702858545,323.96382448547763
ksl,nested_lopo,arcanjo,75,True,with_imputation,13,0.9020242914979757,0.8572117940538992,0.898478714268188,0.8705189547294809,329.01517427595036
ksl,nested_lopo,arcanjo,75,True,with_imputation,14,0.7784380305602717,0.6904060710087874,0.7707902925220412,0.7160167789200047,328.8981730561507
ksl,nested_lopo,arcanjo,75,True,with_imputation,15,0.734412955465587,0.6452541610436346,0.7332474543000859,0.6729615998037051,330.204356356671
ksl,nested_lopo,arcanjo,75,True,with_imputation,16,0.7689144736842105,0.6688507672882672,0.7596912955465587,0.6983356847830532,325.7207811506171
ksl,nested_lopo,arcanjo,75,True,with_imputation,17,0.8785425101214576,0.8286202101991575,0.8771807140228194,0.8438277511961721,325.49317539365666
ksl,nested_lopo,arcanjo,75,True,with_imputation,18,0.6348684210526315,0.5270857660249108,0.6313922371488161,0.5577483837434495,330.0815602352745
ksl,nested_lopo,arcanjo,75,True,with_imputation,19,0.8558704453441295,0.8001598985809512,0.8545577229787756,0.8171062855273381,326.4479512540918
ksl,nested_lopo,arcanjo,75,True,with_imputation,2,0.8774805867126834,0.8183471340670261,0.8636199170586434,0.8333444884907492,327.4547477897845
ksl,nested_lopo,arcanjo,75,True,with_imputation,3,0.9088766692851532,0.8671118093741818,0.9088766692851532,0.8807279392511129,326.83430218696594
ksl,nested_lopo,arcanjo,75,True,with_imputation,4,0.8449248120300751,0.7626169674804789,0.8228661625301988,0.7825991757362584,330.0705989411003
ksl,nested_lopo,arcanjo,75,True,with_imputation,5,0.7494279176201374,0.6485513695586483,0.7187518568457618,0.669769322622666,331.5704529536398
ksl,nested_lopo,arcanjo,75,True,with_imputation,6,0.7254623044096729,0.599713878732424,0.6592159659173515,0.619333873385552,337.83039159523815
ksl,nested_lopo,arcanjo,75,True,with_imputation,7,0.9449392712550607,0.9182186234817815,0.9449392712550607,0.9271255060728744,328.4079326579445
ksl,nested_lopo,arcanjo,75,True,with_imputation,8,0.316624895572264,0.18432523650505503,0.3107409951159951,0.21395706736872147,329.25509178011043
ksl,nested_lopo,arcanjo,75,True,with_imputation,9,0.8777589134125636,0.819484903174154,0.8677422723475354,0.8349835863179453,329.72306546412017
ksl,nested_lopo,laines,67,False,without_imputation,0,0.7631578947368421,0.6737399525498504,0.760194244090552,0.7009446388472311,327.4474239725816
ksl,nested_lopo,laines,67,False,without_imputation,1,0.8006902502157032,0.7162529980866144,0.7838952219257822,0.7383418222976796,324.12711659230683
ksl,nested_lopo,laines,67,False,without_imputation,10,0.8570306362922232,0.7987693113380466,0.8570306362922232,0.8180151872217858,324.3279478675441
ksl,nested_lopo,laines,67,False,without_imputation,11,0.8478618421052632,0.7807883682472498,0.8431576647037173,0.8005420474992843,328.98557388155086
ksl,nested_lopo,laines,67,False,without_imputation,12,0.6842105263157895,0.5800613613360324,0.6825278340080971,0.6102100804896857,326.4527167897475
ksl,nested_lopo,laines,67,False,without_imputation,13,0.7562753036437248,0.6766541937594569,0.7497239602502761,0.6992353260774312,328.13546582272176
ksl,nested_lopo,laines,67,False,without_imputation,14,0.5899830220713073,0.4871019394364047,0.5895383620341176,0.516087646150707,324.75016070667067
ksl,nested_lopo,laines,67,False,without_imputation,15,0.7271255060728745,0.6424017502964872,0.7265488897067844,0.6686161207213839,326.3358881849992
ksl,nested_lopo,laines,67,False,without_imputation,16,0.6069078947368421,0.4905551274383511,0.6047827720525089,0.5239571101413206,327.4260199069977
ksl,nested_lopo,laines,67,False,without_imputation,17,0.794331983805668,0.7264417453891138,0.7936572199730094,0.7468631368631368,326.68431008489506
ksl,nested_lopo,laines,67,False,without_imputation,18,0.3355263157894737,0.24399893372344028,0.3337424089068826,0.2656777140987667,322.5644656858946
ksl,nested_lopo,laines,67,False,without_imputation,19,0.811336032388664,0.7365353944301313,0.8107103422892896,0.7605136384083753,327.0583089527331
ksl,nested_lopo,laines,67,False,without_imputation,2,0.7696289905090595,0.6802990458401129,0.7566189844433047,0.703852590080289,325.42447358683535
ksl,nested_lopo,laines,67,False,without_imputation,3,0.8350353495679497,0.7663655407174653,0.8350353495679497,0.788216810683425,328.67091059684753
ksl,nested_lopo,laines,67,False,without_imputation,4,0.7687969924812029,0.6750461356077655,0.7526989344998042,0.7000626993648157,331.31776607664005
ksl,nested_lopo,laines,67,False,without_imputation,5,0.6372997711670481,0.5583078965109259,0.6158360612856079,0.5769439444391938,326.05327675217075
ksl,nested_lopo,laines,67,False,without_imputation,6,0.631578947368421,0.502922566647975,0.5568634788900783,0.5194854853578023,331.4818768375798
ksl,nested_lopo,laines,67,False,without_imputation,7,0.8979757085020242,0.8502402568192042,0.8973500184026499,0.8655952234899602,327.4786495660481
ksl,nested_lopo,laines,67,False,without_imputation,8,0.29657477025898077,0.17751599977751295,0.2895353184826869,0.20454164930551208,328.7877389004356
ksl,nested_lopo,laines,67,False,without_imputation,9,0.7775891341256367,0.6878957953713896,0.7643542271725634,0.7118634732164019,326.24746696572555
ksl,nested_lopo,laines,67,True,with_imputation,0,0.868421052631579,0.8091500234076825,0.858161346378157,0.825047410475533,327.92496951002823
ksl,nested_lopo,laines,67,True,with_imputation,1,0.8576358930112166,0.7945508270941765,0.8541011439227365,0.8140197797508048,330.20761072008236
ksl,nested_lopo,laines,67,True,with_imputation,10,0.9261586802827966,0.8918565069389892,0.9261586802827966,0.9031159989526053,327.90969659152785
ksl,nested_lopo,laines,67,True,with_imputation,11,0.9161184210526315,0.8754075100703391,0.9103327045761257,0.8865614009528483,321.5357148396341
ksl,nested_lopo,laines,67,True,with_imputation,12,0.8256578947368421,0.751314831002331,0.8118942461047723,0.7703013817323028,327.32840868046407
ksl,nested_lopo,laines,67,True,with_imputation,13,0.9068825910931174,0.861384556789113,0.8990393999820551,0.8735436972907515,328.6623864173889
ksl,nested_lopo,laines,67,True,with_imputation,14,0.730899830220713,0.6397292514440223,0.7296062737488883,0.6667286495809415,328.78077439257976
ksl,nested_lopo,laines,67,True,with_imputation,15,0.725506072874494,0.6315660655134339,0.7225616488774383,0.6601218664376558,324.88928522561724
ksl,nested_lopo,laines,67,True,with_imputation,16,0.7771381578947368,0.6839037196356275,0.769867960986382,0.7113939623972518,321.4661260655052
ksl,nested_lopo,laines,67,True,with_imputation,17,0.8599190283400809,0.8037418721629248,0.8586185744080481,0.8212354312354312,325.9701200284456
ksl,nested_lopo,laines,67,True,with_imputation,18,0.6463815789473685,0.5517659177445362,0.6438036743957797,0.5793034277491514,328.742800624747
ksl,nested_lopo,laines,67,True,with_imputation,19,0.8566801619433198,0.7984194168404695,0.8560053981106613,0.8166527624422361,329.14746118846693
ksl,nested_lopo,laines,67,True,with_imputation,2,0.8645383951682484,0.8066162895339883,0.8609479807397924,0.8239254269995454,330.1228082681957
ksl,nested_lopo,laines,67,True,with_imputation,3,0.8750981932443048,0.8218119926682378,0.8750981932443048,0.8393558523173605,329.05711698532104
ksl,nested_lopo,laines,67,True,with_imputation,4,0.843984962406015,0.7597790428088637,0.817972749940618,0.7789717222578527,330.2369113219412
ksl,nested_lopo,laines,67,True,with_imputation,5,0.7242562929061784,0.6334503607787143,0.7062519876736907,0.6557707822648997,333.6860299486863
ksl,nested_lopo,laines,67,True,with_imputation,6,0.7283072546230441,0.6121467738142562,0.6598833356041386,0.6274073802641562,333.7363198556398
ksl,nested_lopo,laines,67,True,with_imputation,7,0.9376518218623482,0.9075941602257391,0.9361673414304993,0.9170285854496381,328.55349168024566
ksl,nested_lopo,laines,67,True,with_imputation,8,0.32247284878863824,0.19176367220481413,0.3148497883695252,0.2210053007856109,326.9905684370744
ksl,nested_lopo,laines,67,True,with_imputation,9,0.8573853989813243,0.7944276854771337,0.8510334135068855,0.8124076432119726,330.32022362006336
