result_path,status,dataset,protocol,subset,subset_landmarks,imputation,imputation_label,test_person,val_person,epochs,learning_rate,weight_decay,batch_size,patience,model,image_method,seed,elapsed_seconds,finished_at,best_epoch,best_val_loss,best_val_accuracy,max_val_accuracy,accuracy,precision,recall,f1
experiments/include50_official_split_grid/runs/1st/with_imputation/fixed_split/result.json,completed,include50,fixed_split,1st,118,True,with_imputation,,,50,0.0001,0.0001,64,5,resnet18,Skeleton-DML,1638102311,82.24293120601214,2026-08-12T18:16:27.352346,27,0.5652328133583069,0.961038961038961,0.961038961038961,0.890625,0.9191205053449952,0.9061467444120505,0.8966389619450843
experiments/include50_official_split_grid/runs/1st/without_imputation/fixed_split/result.json,completed,include50,fixed_split,1st,118,False,without_imputation,,,50,0.0001,0.0001,64,5,resnet18,Skeleton-DML,1638102311,103.3263333439827,2026-08-12T18:18:19.297261,41,0.8543587327003479,0.7922077922077922,0.7922077922077922,0.734375,0.7364761904761905,0.7398809523809524,0.6883831168831169
experiments/include50_official_split_grid/runs/2nd/with_imputation/fixed_split/result.json,completed,include50,fixed_split,2nd,80,True,with_imputation,,,50,0.0001,0.0001,64,5,resnet18,Skeleton-DML,1638102311,100.65783858398208,2026-08-12T18:20:41.492705,36,0.5548549294471741,0.987012987012987,0.987012987012987,0.9322916666666666,0.9394719792678976,0.9461127308066083,0.9275290669048172
experiments/include50_official_split_grid/runs/2nd/without_imputation/fixed_split/result.json,completed,include50,fixed_split,2nd,80,False,without_imputation,,,50,0.0001,0.0001,64,5,resnet18,Skeleton-DML,1638102311,76.02783698798157,2026-08-12T18:22:04.560044,27,0.9473549127578735,0.8311688311688312,0.8311688311688312,0.84375,0.8371428571428572,0.8505714285714286,0.8076505716505715
experiments/include50_official_split_grid/runs/all/with_imputation/fixed_split/result.json,completed,include50,fixed_split,all,543,True,with_imputation,,,50,0.0001,0.0001,64,5,resnet18,Skeleton-DML,1638102311,135.4834071380319,2026-08-12T18:04:26.929934,29,0.6508521437644958,0.8701298701298701,0.8701298701298701,0.7864583333333334,0.8074829931972788,0.8157029478458049,0.7788436620069272
experiments/include50_official_split_grid/runs/all/without_imputation/fixed_split/result.json,completed,include50,fixed_split,all,543,False,without_imputation,,,50,0.0001,0.0001,64,5,resnet18,Skeleton-DML,1638102311,95.55321386997821,2026-08-12T18:06:53.263079,26,1.630861520767212,0.6233766233766234,0.6233766233766234,0.6302083333333334,0.6526984126984127,0.6607142857142857,0.6050804195804196
experiments/include50_official_split_grid/runs/arcanjo/with_imputation/fixed_split/result.json,completed,include50,fixed_split,arcanjo,75,True,with_imputation,,,50,0.0001,0.0001,64,5,resnet18,Skeleton-DML,1638102311,97.0898597560008,2026-08-12T18:12:44.966113,40,0.4865649342536926,0.961038961038961,0.961038961038961,0.9322916666666666,0.9484207968901847,0.9398688046647231,0.9333962522738033
experiments/include50_official_split_grid/runs/arcanjo/without_imputation/fixed_split/result.json,completed,include50,fixed_split,arcanjo,75,False,without_imputation,,,50,0.0001,0.0001,64,5,resnet18,Skeleton-DML,1638102311,78.49678068800131,2026-08-12T18:14:10.524285,27,0.8888145685195923,0.8701298701298701,0.8701298701298701,0.859375,0.8359603174603175,0.8504444444444446,0.8245516346398699
experiments/include50_official_split_grid/runs/laines/with_imputation/fixed_split/result.json,completed,include50,fixed_split,laines,68,True,with_imputation,,,50,0.0001,0.0001,64,5,resnet18,Skeleton-DML,1638102311,73.97976190899499,2026-08-12T18:08:45.206271,20,0.6808834671974182,0.961038961038961,0.961038961038961,0.9010416666666666,0.9143586005830904,0.9120505344995141,0.8909153205071572
experiments/include50_official_split_grid/runs/laines/without_imputation/fixed_split/result.json,completed,include50,fixed_split,laines,68,False,without_imputation,,,50,0.0001,0.0001,64,5,resnet18,Skeleton-DML,1638102311,95.70011685596546,2026-08-12T18:10:28.059643,42,1.188848614692688,0.7662337662337663,0.7662337662337663,0.6927083333333334,0.7157900432900433,0.691595238095238,0.6544436674436674
