dataset,protocol,subset,subset_landmarks,imputation,imputation_label,accuracy_mean,accuracy_std,accuracy_count,precision_mean,precision_std,precision_count,recall_mean,recall_std,recall_count,f1_mean,f1_std,f1_count,elapsed_seconds_mean,elapsed_seconds_std,elapsed_seconds_sum
include50,fixed_split,1st,118,False,without_imputation,0.734375,,1,0.7364761904761905,,1,0.7398809523809524,,1,0.6883831168831169,,1,103.3263333439827,,103.3263333439827
include50,fixed_split,1st,118,True,with_imputation,0.890625,,1,0.9191205053449952,,1,0.9061467444120505,,1,0.8966389619450843,,1,82.24293120601214,,82.24293120601214
include50,fixed_split,2nd,80,False,without_imputation,0.84375,,1,0.8371428571428572,,1,0.8505714285714286,,1,0.8076505716505715,,1,76.02783698798157,,76.02783698798157
include50,fixed_split,2nd,80,True,with_imputation,0.9322916666666666,,1,0.9394719792678976,,1,0.9461127308066083,,1,0.9275290669048172,,1,100.65783858398208,,100.65783858398208
include50,fixed_split,all,543,False,without_imputation,0.6302083333333334,,1,0.6526984126984127,,1,0.6607142857142857,,1,0.6050804195804196,,1,95.55321386997821,,95.55321386997821
include50,fixed_split,all,543,True,with_imputation,0.7864583333333334,,1,0.8074829931972788,,1,0.8157029478458049,,1,0.7788436620069272,,1,135.4834071380319,,135.4834071380319
include50,fixed_split,arcanjo,75,False,without_imputation,0.859375,,1,0.8359603174603175,,1,0.8504444444444446,,1,0.8245516346398699,,1,78.49678068800131,,78.49678068800131
include50,fixed_split,arcanjo,75,True,with_imputation,0.9322916666666666,,1,0.9484207968901847,,1,0.9398688046647231,,1,0.9333962522738033,,1,97.0898597560008,,97.0898597560008
include50,fixed_split,laines,68,False,without_imputation,0.6927083333333334,,1,0.7157900432900433,,1,0.691595238095238,,1,0.6544436674436674,,1,95.70011685596546,,95.70011685596546
include50,fixed_split,laines,68,True,with_imputation,0.9010416666666666,,1,0.9143586005830904,,1,0.9120505344995141,,1,0.8909153205071572,,1,73.97976190899499,,73.97976190899499
